annotation_id,mature_topic,space,rank,candidate_topic,image_path,github_image_url,topic_f_2019,topic_f_2020,topic_f_2021,topic_f_2022,topic_f_2023,ref_f_2024,score,passed_all_gates
WS0001,artificial-intelligence-of-things,problem,1,AIoT implementation challenges in smarter eco-cities,construction_v2/images/WS0001_01_aiot_implementation_challenges_in_smarter_eco-cities.png,https://raw.githubusercontent.com/rebeccaz4/weak-signal-benchmark/main/construction_v2/images/WS0001_01_aiot_implementation_challenges_in_smarter_eco-cities.png,0.0,0.0,0.0,0.0,0.00018198362147406734,0.0006472491909385113,0.0,True
WS0002,artificial-intelligence-of-things,solution,1,AI-assisted network slicing,construction_v2/images/WS0002_01_ai-assisted_network_slicing.png,https://raw.githubusercontent.com/rebeccaz4/weak-signal-benchmark/main/construction_v2/images/WS0002_01_ai-assisted_network_slicing.png,0.0,0.0003322259136212625,0.0002871912693854107,0.0,0.000545950864422202,0.001035598705501618,0.00013306008234291103,True
WS0003,artificial-intelligence-of-things,solution,4,AIoT-enabled environmental sustainability in smart eco-cities,construction_v2/images/WS0003_04_aiot-enabled_environmental_sustainability_in_smart_eco-cities.png,https://raw.githubusercontent.com/rebeccaz4/weak-signal-benchmark/main/construction_v2/images/WS0003_04_aiot-enabled_environmental_sustainability_in_smart_eco-cities.png,0.0,0.0,0.0,0.0,0.00018198362147406734,0.0006472491909385113,0.0,True
WS0004,artificial-intelligence-of-things,solution,5,Lightweight blockchain-based security for IIoT,construction_v2/images/WS0004_05_lightweight_blockchain-based_security_for_iiot.png,https://raw.githubusercontent.com/rebeccaz4/weak-signal-benchmark/main/construction_v2/images/WS0004_05_lightweight_blockchain-based_security_for_iiot.png,0.0,0.0,0.0,0.0,0.00018198362147406734,0.0007766990291262136,0.0,True
WS0005,asynchronous-federated-learning,problem,1,model staleness in asynchronous federated learning,construction_v2/images/WS0005_01_model_staleness_in_asynchronous_federated_learning.png,https://raw.githubusercontent.com/rebeccaz4/weak-signal-benchmark/main/construction_v2/images/WS0005_01_model_staleness_in_asynchronous_federated_learning.png,0.006269592476489028,0.004608294930875576,0.010309278350515464,0.023121387283236993,0.021164021164021163,0.04236006051437216,0.3020938343430903,True
WS0006,asynchronous-federated-learning,solution,1,staleness-aware aggregation in asynchronous federated learning,construction_v2/images/WS0006_01_staleness-aware_aggregation_in_asynchronous_federated_learning.png,https://raw.githubusercontent.com/rebeccaz4/weak-signal-benchmark/main/construction_v2/images/WS0006_01_staleness-aware_aggregation_in_asynchronous_federated_learning.png,0.0,0.0,0.01443298969072165,0.015414258188824663,0.014109347442680775,0.025718608169440244,0.0,True
WS0007,attention-mechanisms-in-cnn,problem,1,long-range spectral dependency modeling,construction_v2/images/WS0007_01_long-range_spectral_dependency_modeling.png,https://raw.githubusercontent.com/rebeccaz4/weak-signal-benchmark/main/construction_v2/images/WS0007_01_long-range_spectral_dependency_modeling.png,0.0,0.0,0.0003980891719745223,0.0009881422924901185,0.0010784578053383662,0.0020898641588296763,0.29307322506785144,True
WS0008,attention-mechanisms-in-cnn,problem,2,inductive bias in vision transformers,construction_v2/images/WS0008_02_inductive_bias_in_vision_transformers.png,https://raw.githubusercontent.com/rebeccaz4/weak-signal-benchmark/main/construction_v2/images/WS0008_02_inductive_bias_in_vision_transformers.png,0.0,0.0,0.0007961783439490446,0.0013175230566534915,0.0010784578053383662,0.0036572622779519333,0.031500771584716966,True
WS0009,attention-mechanisms-in-cnn,problem,3,CNN-transformer fusion,construction_v2/images/WS0009_03_cnn-transformer_fusion.png,https://raw.githubusercontent.com/rebeccaz4/weak-signal-benchmark/main/construction_v2/images/WS0009_03_cnn-transformer_fusion.png,0.0,0.0,0.0,0.0,0.00026961445133459155,0.0013932427725531174,0.0,True
WS0010,attention-mechanisms-in-cnn,solution,1,large-kernel convolutions,construction_v2/images/WS0010_01_large-kernel_convolutions.png,https://raw.githubusercontent.com/rebeccaz4/weak-signal-benchmark/main/construction_v2/images/WS0010_01_large-kernel_convolutions.png,0.0,0.0,0.0,0.00032938076416337287,0.0005392289026691831,0.0012190874259839777,0.14215549946473582,True
WS0011,attention-mechanisms-in-cnn,solution,2,linear attention mechanisms,construction_v2/images/WS0011_02_linear_attention_mechanisms.png,https://raw.githubusercontent.com/rebeccaz4/weak-signal-benchmark/main/construction_v2/images/WS0011_02_linear_attention_mechanisms.png,0.0,0.0,0.0,0.00032938076416337287,0.0005392289026691831,0.0022640195053988156,0.14215549946473582,True
WS0012,attention-mechanisms-in-cnn,solution,3,morphological attention mechanisms,construction_v2/images/WS0012_03_morphological_attention_mechanisms.png,https://raw.githubusercontent.com/rebeccaz4/weak-signal-benchmark/main/construction_v2/images/WS0012_03_morphological_attention_mechanisms.png,0.0,0.0,0.0,0.0,0.0005392289026691831,0.0020898641588296763,0.0,True
WS0013,attention-mechanisms-in-cnn,solution,4,spectral-spatial attention in transformer architectures,construction_v2/images/WS0013_04_spectral-spatial_attention_in_transformer_architectures.png,https://raw.githubusercontent.com/rebeccaz4/weak-signal-benchmark/main/construction_v2/images/WS0013_04_spectral-spatial_attention_in_transformer_architectures.png,0.0,0.0,0.0,0.0,0.00026961445133459155,0.0020898641588296763,0.0,True
WS0014,attention-mechanisms-in-cnn,solution,5,anchor-based query design in detection transformers,construction_v2/images/WS0014_05_anchor-based_query_design_in_detection_transformers.png,https://raw.githubusercontent.com/rebeccaz4/weak-signal-benchmark/main/construction_v2/images/WS0014_05_anchor-based_query_design_in_detection_transformers.png,0.0,0.0,0.0,0.00032938076416337287,0.00026961445133459155,0.0008707767328456984,0.0,True
WS0015,attention-mechanisms-in-cnn,solution,6,Swin Transformer attention,construction_v2/images/WS0015_06_swin_transformer_attention.png,https://raw.githubusercontent.com/rebeccaz4/weak-signal-benchmark/main/construction_v2/images/WS0015_06_swin_transformer_attention.png,0.0,0.0,0.0,0.0,0.0005392289026691831,0.0013932427725531174,0.0,True
WS0016,decentralized-federated-learning,problem,1,negative transfer in federated learning,construction_v2/images/WS0016_01_negative_transfer_in_federated_learning.png,https://raw.githubusercontent.com/rebeccaz4/weak-signal-benchmark/main/construction_v2/images/WS0016_01_negative_transfer_in_federated_learning.png,0.0,0.0,0.0,0.001176470588235294,0.001384083044982699,0.0028625954198473282,0.13825441067008978,True
WS0017,decentralized-federated-learning,problem,2,heterogeneity-induced convergence degradation in decentralized federated learning,construction_v2/images/WS0017_02_heterogeneity-induced_convergence_degradation_in_decentralized_federated_learning.png,https://raw.githubusercontent.com/rebeccaz4/weak-signal-benchmark/main/construction_v2/images/WS0017_02_heterogeneity-induced_convergence_degradation_in_decentralized_federated_learning.png,0.0,0.0,0.0,0.0,0.0006920415224913495,0.0028625954198473282,0.0,True
WS0018,decentralized-federated-learning,problem,3,secure aggregation under malicious adversaries,construction_v2/images/WS0018_03_secure_aggregation_under_malicious_adversaries.png,https://raw.githubusercontent.com/rebeccaz4/weak-signal-benchmark/main/construction_v2/images/WS0018_03_secure_aggregation_under_malicious_adversaries.png,0.0,0.0,0.0,0.0,0.0006920415224913495,0.0033396946564885495,0.0,True
WS0019,decentralized-federated-learning,problem,4,dropout-resilient secure aggregation,construction_v2/images/WS0019_04_dropout-resilient_secure_aggregation.png,https://raw.githubusercontent.com/rebeccaz4/weak-signal-benchmark/main/construction_v2/images/WS0019_04_dropout-resilient_secure_aggregation.png,0.0,0.0,0.0,0.0,0.001384083044982699,0.002385496183206107,0.0,True
WS0020,decentralized-federated-learning,solution,1,knowledge distillation in federated learning,construction_v2/images/WS0020_01_knowledge_distillation_in_federated_learning.png,https://raw.githubusercontent.com/rebeccaz4/weak-signal-benchmark/main/construction_v2/images/WS0020_01_knowledge_distillation_in_federated_learning.png,0.0,0.007772020725388601,0.016129032258064516,0.01411764705882353,0.01245674740484429,0.02433206106870229,0.04703497475664323,True
WS0021,decentralized-federated-learning,solution,3,multi-round secure aggregation,construction_v2/images/WS0021_03_multi-round_secure_aggregation.png,https://raw.githubusercontent.com/rebeccaz4/weak-signal-benchmark/main/construction_v2/images/WS0021_03_multi-round_secure_aggregation.png,0.0,0.0,0.0,0.0,0.0006920415224913495,0.002385496183206107,0.0,True
WS0022,decentralized-federated-learning,solution,4,sharpness-aware minimization in federated learning,construction_v2/images/WS0022_04_sharpness-aware_minimization_in_federated_learning.png,https://raw.githubusercontent.com/rebeccaz4/weak-signal-benchmark/main/construction_v2/images/WS0022_04_sharpness-aware_minimization_in_federated_learning.png,0.0,0.0,0.0,0.0,0.001384083044982699,0.002385496183206107,0.0,True
WS0023,decentralized-federated-learning,solution,5,adaptive topology construction and model compression in decentralized federated learning,construction_v2/images/WS0023_05_adaptive_topology_construction_and_model_compression_in_decentralized_federated_learning.png,https://raw.githubusercontent.com/rebeccaz4/weak-signal-benchmark/main/construction_v2/images/WS0023_05_adaptive_topology_construction_and_model_compression_in_decentralized_federated_learning.png,0.0,0.0,0.0,0.0,0.0006920415224913495,0.0028625954198473282,0.0,True
WS0024,decentralized-federated-learning,solution,6,blockchain-based secure aggregation,construction_v2/images/WS0024_06_blockchain-based_secure_aggregation.png,https://raw.githubusercontent.com/rebeccaz4/weak-signal-benchmark/main/construction_v2/images/WS0024_06_blockchain-based_secure_aggregation.png,0.0,0.0,0.0,0.0,0.001384083044982699,0.0033396946564885495,0.0,True
WS0025,epistemic-ai,problem,1,evidence grounding in AI-generated content,construction_v2/images/WS0025_01_evidence_grounding_in_ai-generated_content.png,https://raw.githubusercontent.com/rebeccaz4/weak-signal-benchmark/main/construction_v2/images/WS0025_01_evidence_grounding_in_ai-generated_content.png,0.0,0.0,0.0,0.0,0.007042253521126761,0.011583011583011582,0.0,True
WS0026,evolutionary-neural-architecture-search,solution,1,weight inheritance in evolutionary neural architecture search,construction_v2/images/WS0026_01_weight_inheritance_in_evolutionary_neural_architecture_search.png,https://raw.githubusercontent.com/rebeccaz4/weak-signal-benchmark/main/construction_v2/images/WS0026_01_weight_inheritance_in_evolutionary_neural_architecture_search.png,0.0,0.0036496350364963502,0.0,0.0,0.007518796992481203,0.017241379310344827,0.0001819598232860936,True
WS0027,explainable-ai,problem,1,XAI deployment challenges,construction_v2/images/WS0027_01_xai_deployment_challenges.png,https://raw.githubusercontent.com/rebeccaz4/weak-signal-benchmark/main/construction_v2/images/WS0027_01_xai_deployment_challenges.png,0.0,0.0,0.0,0.00041459369817578774,0.00046274872744099955,0.00331720801658604,0.07008914407727733,True
WS0028,explainable-ai,problem,2,XAI explanation quality assessment,construction_v2/images/WS0028_02_xai_explanation_quality_assessment.png,https://raw.githubusercontent.com/rebeccaz4/weak-signal-benchmark/main/construction_v2/images/WS0028_02_xai_explanation_quality_assessment.png,0.0,0.0,0.0,0.00041459369817578774,0.00046274872744099955,0.00082930200414651,0.07008914407727733,True
WS0029,explainable-ai,problem,3,post-hoc explainer disagreement,construction_v2/images/WS0029_03_post-hoc_explainer_disagreement.png,https://raw.githubusercontent.com/rebeccaz4/weak-signal-benchmark/main/construction_v2/images/WS0029_03_post-hoc_explainer_disagreement.png,0.0,0.0,0.0,0.00041459369817578774,0.00046274872744099955,0.00082930200414651,0.07008914407727733,True
WS0030,explainable-ai,problem,4,explanation effectiveness,construction_v2/images/WS0030_04_explanation_effectiveness.png,https://raw.githubusercontent.com/rebeccaz4/weak-signal-benchmark/main/construction_v2/images/WS0030_04_explanation_effectiveness.png,0.0,0.0007132667617689016,0.0,0.0,0.0011568718186024988,0.001796821008984105,0.0012293294165758748,True
WS0031,explainable-ai,solution,1,perturbation-based explanation evaluation,construction_v2/images/WS0031_01_perturbation-based_explanation_evaluation.png,https://raw.githubusercontent.com/rebeccaz4/weak-signal-benchmark/main/construction_v2/images/WS0031_01_perturbation-based_explanation_evaluation.png,0.0,0.0,0.0,0.0008291873963515755,0.0009254974548819991,0.0019350380096751902,0.02359021517910185,True
WS0032,explainable-ai,solution,2,explanation method benchmarking,construction_v2/images/WS0032_02_explanation_method_benchmarking.png,https://raw.githubusercontent.com/rebeccaz4/weak-signal-benchmark/main/construction_v2/images/WS0032_02_explanation_method_benchmarking.png,0.0,0.0,0.0,0.00041459369817578774,0.00046274872744099955,0.003178991015894955,0.023590215152159436,True
WS0033,federated-deep-learning,solution,1,batch normalization in federated learning,construction_v2/images/WS0033_01_batch_normalization_in_federated_learning.png,https://raw.githubusercontent.com/rebeccaz4/weak-signal-benchmark/main/construction_v2/images/WS0033_01_batch_normalization_in_federated_learning.png,0.0,0.0,0.0021929824561403508,0.0,0.0028328611898017,0.014563106796116505,0.002158209343590756,True
WS0034,federated-machine-learning,problem,1,federated multi-task learning,construction_v2/images/WS0034_01_federated_multi-task_learning.png,https://raw.githubusercontent.com/rebeccaz4/weak-signal-benchmark/main/construction_v2/images/WS0034_01_federated_multi-task_learning.png,0.0,0.0,0.0,0.0007401924500370096,0.0009394081728511038,0.0015015015015015015,0.15984132681628704,True
WS0035,federated-machine-learning,problem,2,carbon footprint in federated learning,construction_v2/images/WS0035_02_carbon_footprint_in_federated_learning.png,https://raw.githubusercontent.com/rebeccaz4/weak-signal-benchmark/main/construction_v2/images/WS0035_02_carbon_footprint_in_federated_learning.png,0.0,0.0,0.0,0.0007401924500370096,0.0009394081728511038,0.0015015015015015015,0.15984132681628704,True
WS0036,federated-machine-learning,problem,3,federated machine unlearning,construction_v2/images/WS0036_03_federated_machine_unlearning.png,https://raw.githubusercontent.com/rebeccaz4/weak-signal-benchmark/main/construction_v2/images/WS0036_03_federated_machine_unlearning.png,0.0,0.0,0.0,0.0007401924500370096,0.0009394081728511038,0.0015015015015015015,0.15984132681628704,True
WS0037,federated-machine-learning,solution,1,prototype-based federated learning,construction_v2/images/WS0037_01_prototype-based_federated_learning.png,https://raw.githubusercontent.com/rebeccaz4/weak-signal-benchmark/main/construction_v2/images/WS0037_01_prototype-based_federated_learning.png,0.0,0.0,0.0,0.0007401924500370096,0.0014091122592766556,0.003003003003003003,0.21028436791475305,True
WS0038,federated-machine-learning,solution,2,contrastive learning in federated learning,construction_v2/images/WS0038_02_contrastive_learning_in_federated_learning.png,https://raw.githubusercontent.com/rebeccaz4/weak-signal-benchmark/main/construction_v2/images/WS0038_02_contrastive_learning_in_federated_learning.png,0.0,0.0,0.0,0.0007401924500370096,0.0009394081728511038,0.0015015015015015015,0.07784833674379374,True
WS0039,federated-machine-learning,solution,3,swarm learning,construction_v2/images/WS0039_03_swarm_learning.png,https://raw.githubusercontent.com/rebeccaz4/weak-signal-benchmark/main/construction_v2/images/WS0039_03_swarm_learning.png,0.0,0.0,0.0,0.0007401924500370096,0.0009394081728511038,0.0015015015015015015,0.07784833674379374,True
WS0040,federated-machine-learning,solution,4,sparse training in federated learning,construction_v2/images/WS0040_04_sparse_training_in_federated_learning.png,https://raw.githubusercontent.com/rebeccaz4/weak-signal-benchmark/main/construction_v2/images/WS0040_04_sparse_training_in_federated_learning.png,0.0,0.0,0.0,0.0007401924500370096,0.0009394081728511038,0.0015015015015015015,0.07784833674379374,True
WS0041,federated-machine-learning,solution,5,federated bilevel optimization,construction_v2/images/WS0041_05_federated_bilevel_optimization.png,https://raw.githubusercontent.com/rebeccaz4/weak-signal-benchmark/main/construction_v2/images/WS0041_05_federated_bilevel_optimization.png,0.0,0.0017271157167530224,0.0009852216748768472,0.003700962250185048,0.0032879286049788633,0.02027027027027027,0.035289568010444,True
WS0042,federated-machine-learning,solution,6,vehicular federated learning,construction_v2/images/WS0042_06_vehicular_federated_learning.png,https://raw.githubusercontent.com/rebeccaz4/weak-signal-benchmark/main/construction_v2/images/WS0042_06_vehicular_federated_learning.png,0.0,0.0017271157167530224,0.0009852216748768472,0.0,0.0018788163457022077,0.0037537537537537537,1.960755035094388e-05,True
WS0043,federated-machine-learning,solution,7,distributed optimization in federated learning,construction_v2/images/WS0043_07_distributed_optimization_in_federated_learning.png,https://raw.githubusercontent.com/rebeccaz4/weak-signal-benchmark/main/construction_v2/images/WS0043_07_distributed_optimization_in_federated_learning.png,0.0036900369003690036,0.0,0.0,0.0,0.0004697040864255519,0.033783783783783786,0.0,True
WS0044,large-language-models,problem,1,privacy leakage in NLP models,construction_v2/images/WS0044_01_privacy_leakage_in_nlp_models.png,https://raw.githubusercontent.com/rebeccaz4/weak-signal-benchmark/main/construction_v2/images/WS0044_01_privacy_leakage_in_nlp_models.png,0.0,0.00032808398950131233,0.0005810575246949448,0.001037344398340249,0.0018018018018018018,0.003901584521060594,0.748906409091426,True
WS0045,large-language-models,problem,2,long-context understanding in large language models,construction_v2/images/WS0045_02_long-context_understanding_in_large_language_models.png,https://raw.githubusercontent.com/rebeccaz4/weak-signal-benchmark/main/construction_v2/images/WS0045_02_long-context_understanding_in_large_language_models.png,0.0,0.00032808398950131233,0.0005810575246949448,0.001037344398340249,0.0012012012012012011,0.0021498526952782866,0.5129397317660465,True
WS0046,large-language-models,problem,3,LLM alignment with human feedback,construction_v2/images/WS0046_03_llm_alignment_with_human_feedback.png,https://raw.githubusercontent.com/rebeccaz4/weak-signal-benchmark/main/construction_v2/images/WS0046_03_llm_alignment_with_human_feedback.png,0.0,0.0,0.0,0.001037344398340249,0.0024024024024024023,0.0037423361732622025,0.3693230440032902,True
WS0047,large-language-models,problem,4,machine-generated text detection,construction_v2/images/WS0047_04_machine-generated_text_detection.png,https://raw.githubusercontent.com/rebeccaz4/weak-signal-benchmark/main/construction_v2/images/WS0047_04_machine-generated_text_detection.png,0.000392156862745098,0.000984251968503937,0.0011621150493898896,0.001037344398340249,0.0018018018018018018,0.002866470260371049,0.30254420217422573,True
WS0048,large-language-models,problem,5,pre-trained language model compression,construction_v2/images/WS0048_05_pre-trained_language_model_compression.png,https://raw.githubusercontent.com/rebeccaz4/weak-signal-benchmark/main/construction_v2/images/WS0048_05_pre-trained_language_model_compression.png,0.000392156862745098,0.0013123359580052493,0.0017431725740848344,0.002074688796680498,0.0018018018018018018,0.0048570746078509435,0.19418117286856038,True
WS0049,large-language-models,problem,6,zero-shot task generalization,construction_v2/images/WS0049_06_zero-shot_task_generalization.png,https://raw.githubusercontent.com/rebeccaz4/weak-signal-benchmark/main/construction_v2/images/WS0049_06_zero-shot_task_generalization.png,0.0,0.0,0.0005810575246949448,0.0,0.0012012012012012011,0.006210685564137272,0.019011350633494416,True
WS0050,large-language-models,problem,7,in-context learning mechanisms,construction_v2/images/WS0050_07_in-context_learning_mechanisms.png,https://raw.githubusercontent.com/rebeccaz4/weak-signal-benchmark/main/construction_v2/images/WS0050_07_in-context_learning_mechanisms.png,0.0,0.0,0.0005810575246949448,0.0,0.0012012012012012011,0.0042200812166573775,0.019011350633494416,True
WS0051,large-language-models,problem,8,reasoning abilities in large language models,construction_v2/images/WS0051_08_reasoning_abilities_in_large_language_models.png,https://raw.githubusercontent.com/rebeccaz4/weak-signal-benchmark/main/construction_v2/images/WS0051_08_reasoning_abilities_in_large_language_models.png,0.0,0.0,0.0,0.004149377593360996,0.004204204204204204,0.04013058364519468,0.005772749630529885,True
WS0052,large-language-models,solution,1,retrieval-augmented language models,construction_v2/images/WS0052_01_retrieval-augmented_language_models.png,https://raw.githubusercontent.com/rebeccaz4/weak-signal-benchmark/main/construction_v2/images/WS0052_01_retrieval-augmented_language_models.png,0.000392156862745098,0.001968503937007874,0.002905287623474724,0.005186721991701245,0.011411411411411412,0.03280515964646867,1.0,True
WS0053,large-language-models,solution,2,parameter-efficient tuning,construction_v2/images/WS0053_02_parameter-efficient_tuning.png,https://raw.githubusercontent.com/rebeccaz4/weak-signal-benchmark/main/construction_v2/images/WS0053_02_parameter-efficient_tuning.png,0.000784313725490196,0.000984251968503937,0.002905287623474724,0.00933609958506224,0.009009009009009009,0.01592483477983916,0.4757457831613569,True
WS0054,large-language-models,solution,3,LLM-guided task planning,construction_v2/images/WS0054_03_llm-guided_task_planning.png,https://raw.githubusercontent.com/rebeccaz4/weak-signal-benchmark/main/construction_v2/images/WS0054_03_llm-guided_task_planning.png,0.0,0.0,0.0,0.001037344398340249,0.0018018018018018018,0.0038219603471613983,0.08789379605545208,True
WS0055,large-language-models,solution,4,post-training quantization for large language models,construction_v2/images/WS0055_04_post-training_quantization_for_large_language_models.png,https://raw.githubusercontent.com/rebeccaz4/weak-signal-benchmark/main/construction_v2/images/WS0055_04_post-training_quantization_for_large_language_models.png,0.0,0.0,0.0,0.001037344398340249,0.0012012012012012011,0.0036627119993630068,0.02334684574285287,True
WS0056,large-language-models,solution,5,autoregressive language models,construction_v2/images/WS0056_05_autoregressive_language_models.png,https://raw.githubusercontent.com/rebeccaz4/weak-signal-benchmark/main/construction_v2/images/WS0056_05_autoregressive_language_models.png,0.0,0.00032808398950131233,0.0,0.001037344398340249,0.0012012012012012011,0.002707221912572657,0.02334684574285287,True
WS0057,large-language-models,solution,6,retrieval-augmented question answering,construction_v2/images/WS0057_06_retrieval-augmented_question_answering.png,https://raw.githubusercontent.com/rebeccaz4/weak-signal-benchmark/main/construction_v2/images/WS0057_06_retrieval-augmented_question_answering.png,0.0,0.00032808398950131233,0.0005810575246949448,0.0,0.0012012012012012011,0.005334819651246118,0.0003507540539631735,True
WS0058,large-language-models,solution,7,long-context language models,construction_v2/images/WS0058_07_long-context_language_models.png,https://raw.githubusercontent.com/rebeccaz4/weak-signal-benchmark/main/construction_v2/images/WS0058_07_long-context_language_models.png,0.0,0.00032808398950131233,0.0,0.0,0.0012012012012012011,0.015128593040847202,0.00010314011853783399,True
WS0059,large-language-models,solution,8,code generation models,construction_v2/images/WS0059_08_code_generation_models.png,https://raw.githubusercontent.com/rebeccaz4/weak-signal-benchmark/main/construction_v2/images/WS0059_08_code_generation_models.png,0.0,0.0,0.0005810575246949448,0.0,0.0006006006006006006,0.015208217214746397,9.800106763624755e-05,True
WS0060,federated-reinforcement-learning,problem,1,state-action coverage under heterogeneous agent behavior,construction_v2/images/WS0060_01_state-action_coverage_under_heterogeneous_agent_behavior.png,https://raw.githubusercontent.com/rebeccaz4/weak-signal-benchmark/main/construction_v2/images/WS0060_01_state-action_coverage_under_heterogeneous_agent_behavior.png,0.0,0.0,0.0,0.0,0.002717391304347826,0.011278195488721804,0.0,True
WS0061,federated-reinforcement-learning,solution,1,ADMM-based gradient updates,construction_v2/images/WS0061_01_admm-based_gradient_updates.png,https://raw.githubusercontent.com/rebeccaz4/weak-signal-benchmark/main/construction_v2/images/WS0061_01_admm-based_gradient_updates.png,0.0,0.0,0.0,0.0,0.002717391304347826,0.005639097744360902,0.0,True
WS0062,federated-reinforcement-learning,solution,2,federated stochastic approximation,construction_v2/images/WS0062_02_federated_stochastic_approximation.png,https://raw.githubusercontent.com/rebeccaz4/weak-signal-benchmark/main/construction_v2/images/WS0062_02_federated_stochastic_approximation.png,0.0,0.0,0.0,0.0034965034965034965,0.002717391304347826,0.016917293233082706,0.0,True
WS0063,human-ai-interface,problem,1,automation bias in AI-assisted decision making,construction_v2/images/WS0063_01_automation_bias_in_ai-assisted_decision_making.png,https://raw.githubusercontent.com/rebeccaz4/weak-signal-benchmark/main/construction_v2/images/WS0063_01_automation_bias_in_ai-assisted_decision_making.png,0.0,0.0,0.0005991611743559018,0.0007204610951008645,0.0006681514476614699,0.0012629806342969408,0.025366262219497494,True
WS0064,human-ai-interface,problem,2,non-expert prompt design barriers,construction_v2/images/WS0064_02_non-expert_prompt_design_barriers.png,https://raw.githubusercontent.com/rebeccaz4/weak-signal-benchmark/main/construction_v2/images/WS0064_02_non-expert_prompt_design_barriers.png,0.0,0.0,0.0,0.0,0.00022271714922048998,0.0015436429974740387,0.0,True
WS0065,human-ai-interface,problem,3,human-AI feedback loops,construction_v2/images/WS0065_03_human-ai_feedback_loops.png,https://raw.githubusercontent.com/rebeccaz4/weak-signal-benchmark/main/construction_v2/images/WS0065_03_human-ai_feedback_loops.png,0.0,0.0,0.0,0.0,0.00022271714922048998,0.0004209935447656469,0.0,True
WS0066,human-ai-interface,problem,4,human-centered LLM transparency,construction_v2/images/WS0066_04_human-centered_llm_transparency.png,https://raw.githubusercontent.com/rebeccaz4/weak-signal-benchmark/main/construction_v2/images/WS0066_04_human-centered_llm_transparency.png,0.0,0.0,0.0,0.0,0.00022271714922048998,0.000561324726354196,0.0,True
WS0067,human-ai-interface,problem,5,theory of mind in large language models,construction_v2/images/WS0067_05_theory_of_mind_in_large_language_models.png,https://raw.githubusercontent.com/rebeccaz4/weak-signal-benchmark/main/construction_v2/images/WS0067_05_theory_of_mind_in_large_language_models.png,0.0,0.0,0.0,0.0,0.00022271714922048998,0.0007016559079427449,0.0,True
WS0068,human-ai-interface,problem,6,support-seeking preferences in human-AI creative collaboration,construction_v2/images/WS0068_06_support-seeking_preferences_in_human-ai_creative_collaboration.png,https://raw.githubusercontent.com/rebeccaz4/weak-signal-benchmark/main/construction_v2/images/WS0068_06_support-seeking_preferences_in_human-ai_creative_collaboration.png,0.0,0.0,0.0,0.0,0.00022271714922048998,0.000561324726354196,0.0,True
WS0069,human-ai-interface,problem,7,user trust and ownership in AI-assisted writing,construction_v2/images/WS0069_07_user_trust_and_ownership_in_ai-assisted_writing.png,https://raw.githubusercontent.com/rebeccaz4/weak-signal-benchmark/main/construction_v2/images/WS0069_07_user_trust_and_ownership_in_ai-assisted_writing.png,0.0,0.0,0.0,0.0,0.00022271714922048998,0.000561324726354196,0.0,True
WS0070,human-ai-interface,problem,8,social dynamics of generative AI support,construction_v2/images/WS0070_08_social_dynamics_of_generative_ai_support.png,https://raw.githubusercontent.com/rebeccaz4/weak-signal-benchmark/main/construction_v2/images/WS0070_08_social_dynamics_of_generative_ai_support.png,0.0,0.0,0.0,0.0,0.00022271714922048998,0.000561324726354196,0.0,True
WS0071,human-ai-interface,problem,9,AI transparency and opacity,construction_v2/images/WS0071_09_ai_transparency_and_opacity.png,https://raw.githubusercontent.com/rebeccaz4/weak-signal-benchmark/main/construction_v2/images/WS0071_09_ai_transparency_and_opacity.png,0.0,0.0,0.0,0.0,0.00022271714922048998,0.0004209935447656469,0.0,True
WS0072,human-ai-interface,problem,10,AI-generated content accountability,construction_v2/images/WS0072_10_ai-generated_content_accountability.png,https://raw.githubusercontent.com/rebeccaz4/weak-signal-benchmark/main/construction_v2/images/WS0072_10_ai-generated_content_accountability.png,0.0,0.0,0.0,0.0,0.00022271714922048998,0.000561324726354196,0.0,True
WS0073,human-ai-interface,problem,11,ethical and legal risks of AI chatbots,construction_v2/images/WS0073_11_ethical_and_legal_risks_of_ai_chatbots.png,https://raw.githubusercontent.com/rebeccaz4/weak-signal-benchmark/main/construction_v2/images/WS0073_11_ethical_and_legal_risks_of_ai_chatbots.png,0.0,0.0,0.0,0.0,0.00022271714922048998,0.0004209935447656469,0.0,True
WS0074,human-ai-interface,problem,12,ethical and practical challenges of conversational AI use,construction_v2/images/WS0074_12_ethical_and_practical_challenges_of_conversational_ai_use.png,https://raw.githubusercontent.com/rebeccaz4/weak-signal-benchmark/main/construction_v2/images/WS0074_12_ethical_and_practical_challenges_of_conversational_ai_use.png,0.0,0.0,0.0,0.0,0.00022271714922048998,0.0004209935447656469,0.0,True
WS0075,human-ai-interface,solution,1,uncertainty communication in AI systems,construction_v2/images/WS0075_01_uncertainty_communication_in_ai_systems.png,https://raw.githubusercontent.com/rebeccaz4/weak-signal-benchmark/main/construction_v2/images/WS0075_01_uncertainty_communication_in_ai_systems.png,0.0,0.0,0.0,0.00036023054755043225,0.00044543429844097997,0.0007016559079427449,0.08154423480736984,True
WS0076,human-ai-interface,solution,2,mathematical modeling of human-AI ecosystems,construction_v2/images/WS0076_02_mathematical_modeling_of_human-ai_ecosystems.png,https://raw.githubusercontent.com/rebeccaz4/weak-signal-benchmark/main/construction_v2/images/WS0076_02_mathematical_modeling_of_human-ai_ecosystems.png,0.0,0.0,0.0,0.0,0.00022271714922048998,0.0004209935447656469,0.0,True
WS0077,human-ai-interface,solution,3,human-in-the-loop embodied AI simulation,construction_v2/images/WS0077_03_human-in-the-loop_embodied_ai_simulation.png,https://raw.githubusercontent.com/rebeccaz4/weak-signal-benchmark/main/construction_v2/images/WS0077_03_human-in-the-loop_embodied_ai_simulation.png,0.0,0.0,0.0,0.0,0.00022271714922048998,0.0004209935447656469,0.0,True
WS0078,human-ai-interface,solution,4,human-interaction risk assessment for generative AI,construction_v2/images/WS0078_04_human-interaction_risk_assessment_for_generative_ai.png,https://raw.githubusercontent.com/rebeccaz4/weak-signal-benchmark/main/construction_v2/images/WS0078_04_human-interaction_risk_assessment_for_generative_ai.png,0.0,0.0,0.0,0.0,0.00022271714922048998,0.000561324726354196,0.0,True
WS0079,human-ai-interface,solution,5,iterative human-AI interaction for complex creative tasks,construction_v2/images/WS0079_05_iterative_human-ai_interaction_for_complex_creative_tasks.png,https://raw.githubusercontent.com/rebeccaz4/weak-signal-benchmark/main/construction_v2/images/WS0079_05_iterative_human-ai_interaction_for_complex_creative_tasks.png,0.0,0.0,0.0,0.0,0.00022271714922048998,0.0007016559079427449,0.0,True
WS0080,human-ai-interface,solution,6,interactive evaluation of social intelligence,construction_v2/images/WS0080_06_interactive_evaluation_of_social_intelligence.png,https://raw.githubusercontent.com/rebeccaz4/weak-signal-benchmark/main/construction_v2/images/WS0080_06_interactive_evaluation_of_social_intelligence.png,0.0,0.0,0.0,0.0,0.00022271714922048998,0.0004209935447656469,0.0,True
WS0081,human-ai-interface,solution,7,sociotechnical AI safety evaluation,construction_v2/images/WS0081_07_sociotechnical_ai_safety_evaluation.png,https://raw.githubusercontent.com/rebeccaz4/weak-signal-benchmark/main/construction_v2/images/WS0081_07_sociotechnical_ai_safety_evaluation.png,0.0,0.0,0.0,0.0,0.00022271714922048998,0.000561324726354196,0.0,True
WS0082,human-ai-interface,solution,8,Prompt-based large language model interfaces,construction_v2/images/WS0082_08_prompt-based_large_language_model_interfaces.png,https://raw.githubusercontent.com/rebeccaz4/weak-signal-benchmark/main/construction_v2/images/WS0082_08_prompt-based_large_language_model_interfaces.png,0.0,0.0,0.0,0.0,0.00022271714922048998,0.000561324726354196,0.0,True
WS0083,human-ai-interface,solution,9,false-belief task benchmarking,construction_v2/images/WS0083_09_false-belief_task_benchmarking.png,https://raw.githubusercontent.com/rebeccaz4/weak-signal-benchmark/main/construction_v2/images/WS0083_09_false-belief_task_benchmarking.png,0.0,0.0,0.0,0.0,0.00022271714922048998,0.0007016559079427449,0.0,True
WS0084,human-ai-interface,solution,10,end-user prompt engineering,construction_v2/images/WS0084_10_end-user_prompt_engineering.png,https://raw.githubusercontent.com/rebeccaz4/weak-signal-benchmark/main/construction_v2/images/WS0084_10_end-user_prompt_engineering.png,0.0,0.0,0.0,0.0,0.00022271714922048998,0.0015436429974740387,0.0,True
WS0085,human-ai-interface,solution,11,human-AI interaction patterns in text co-creation,construction_v2/images/WS0085_11_human-ai_interaction_patterns_in_text_co-creation.png,https://raw.githubusercontent.com/rebeccaz4/weak-signal-benchmark/main/construction_v2/images/WS0085_11_human-ai_interaction_patterns_in_text_co-creation.png,0.0,0.0,0.0,0.0,0.00022271714922048998,0.0007016559079427449,0.0,True
WS0086,human-ai-interface,solution,12,human oversight of large language models,construction_v2/images/WS0086_12_human_oversight_of_large_language_models.png,https://raw.githubusercontent.com/rebeccaz4/weak-signal-benchmark/main/construction_v2/images/WS0086_12_human_oversight_of_large_language_models.png,0.0,0.0,0.0,0.0,0.00022271714922048998,0.003648610721302273,0.0,True
WS0087,human-centric-ai,problem,1,interactive explanation effectiveness,construction_v2/images/WS0087_01_interactive_explanation_effectiveness.png,https://raw.githubusercontent.com/rebeccaz4/weak-signal-benchmark/main/construction_v2/images/WS0087_01_interactive_explanation_effectiveness.png,0.0,0.0,0.0,0.0,0.0003700962250185048,0.0007436326454731362,0.0,True
WS0088,human-centric-ai,problem,2,social bias in masked language models,construction_v2/images/WS0088_02_social_bias_in_masked_language_models.png,https://raw.githubusercontent.com/rebeccaz4/weak-signal-benchmark/main/construction_v2/images/WS0088_02_social_bias_in_masked_language_models.png,0.0,0.0,0.0,0.0,0.0003700962250185048,0.0005577244841048522,0.0,True
WS0089,human-centric-ai,problem,3,virtual influencer effects on purchase intention,construction_v2/images/WS0089_03_virtual_influencer_effects_on_purchase_intention.png,https://raw.githubusercontent.com/rebeccaz4/weak-signal-benchmark/main/construction_v2/images/WS0089_03_virtual_influencer_effects_on_purchase_intention.png,0.0,0.0,0.0,0.0,0.0003700962250185048,0.0005577244841048522,0.0,True
WS0090,human-centric-ai,problem,4,real-world evaluation gaps in autonomous web agents,construction_v2/images/WS0090_04_real-world_evaluation_gaps_in_autonomous_web_agents.png,https://raw.githubusercontent.com/rebeccaz4/weak-signal-benchmark/main/construction_v2/images/WS0090_04_real-world_evaluation_gaps_in_autonomous_web_agents.png,0.0,0.0,0.0,0.0,0.0003700962250185048,0.0005577244841048522,0.0,True
WS0091,human-centric-ai,problem,5,LLM transparency,construction_v2/images/WS0091_05_llm_transparency.png,https://raw.githubusercontent.com/rebeccaz4/weak-signal-benchmark/main/construction_v2/images/WS0091_05_llm_transparency.png,0.0,0.0,0.0,0.0,0.0003700962250185048,0.0007436326454731362,0.0,True
WS0092,human-centric-ai,problem,6,AI integration in user-centered design processes,construction_v2/images/WS0092_06_ai_integration_in_user-centered_design_processes.png,https://raw.githubusercontent.com/rebeccaz4/weak-signal-benchmark/main/construction_v2/images/WS0092_06_ai_integration_in_user-centered_design_processes.png,0.0,0.0,0.0,0.0,0.0003700962250185048,0.0005577244841048522,0.0,True
WS0093,human-centric-ai,problem,7,AI authorship effects on message perception,construction_v2/images/WS0093_07_ai_authorship_effects_on_message_perception.png,https://raw.githubusercontent.com/rebeccaz4/weak-signal-benchmark/main/construction_v2/images/WS0093_07_ai_authorship_effects_on_message_perception.png,0.0,0.0,0.0,0.0,0.0003700962250185048,0.0005577244841048522,0.0,True
WS0094,human-centric-ai,problem,8,AI-supported compassion in healthcare,construction_v2/images/WS0094_08_ai-supported_compassion_in_healthcare.png,https://raw.githubusercontent.com/rebeccaz4/weak-signal-benchmark/main/construction_v2/images/WS0094_08_ai-supported_compassion_in_healthcare.png,0.0,0.0,0.0,0.0,0.0003700962250185048,0.0005577244841048522,0.0,True
WS0095,human-centric-ai,problem,9,AI trustworthiness from stakeholder perspectives,construction_v2/images/WS0095_09_ai_trustworthiness_from_stakeholder_perspectives.png,https://raw.githubusercontent.com/rebeccaz4/weak-signal-benchmark/main/construction_v2/images/WS0095_09_ai_trustworthiness_from_stakeholder_perspectives.png,0.0,0.0,0.0,0.0,0.0003700962250185048,0.0005577244841048522,0.0,True
WS0096,human-centric-ai,problem,10,ethical and practical challenges of LLM-based educational technologies,construction_v2/images/WS0096_10_ethical_and_practical_challenges_of_llm-based_educational_technologies.png,https://raw.githubusercontent.com/rebeccaz4/weak-signal-benchmark/main/construction_v2/images/WS0096_10_ethical_and_practical_challenges_of_llm-based_educational_technologies.png,0.0,0.0,0.0,0.0,0.0003700962250185048,0.0007436326454731362,0.0,True
WS0097,human-centric-ai,problem,11,educational inequality in generative AI adoption,construction_v2/images/WS0097_11_educational_inequality_in_generative_ai_adoption.png,https://raw.githubusercontent.com/rebeccaz4/weak-signal-benchmark/main/construction_v2/images/WS0097_11_educational_inequality_in_generative_ai_adoption.png,0.0,0.0,0.0,0.0,0.0003700962250185048,0.0005577244841048522,0.0,True
WS0098,human-centric-ai,problem,12,human control of generative AI,construction_v2/images/WS0098_12_human_control_of_generative_ai.png,https://raw.githubusercontent.com/rebeccaz4/weak-signal-benchmark/main/construction_v2/images/WS0098_12_human_control_of_generative_ai.png,0.0,0.0,0.0,0.0,0.0003700962250185048,0.0005577244841048522,0.0,True
WS0099,human-centric-ai,problem,13,fair decision-making processes,construction_v2/images/WS0099_13_fair_decision-making_processes.png,https://raw.githubusercontent.com/rebeccaz4/weak-signal-benchmark/main/construction_v2/images/WS0099_13_fair_decision-making_processes.png,0.0,0.0,0.0,0.0,0.0003700962250185048,0.0005577244841048522,0.0,True
WS0100,human-centric-ai,problem,14,explainability-induced performance degradation,construction_v2/images/WS0100_14_explainability-induced_performance_degradation.png,https://raw.githubusercontent.com/rebeccaz4/weak-signal-benchmark/main/construction_v2/images/WS0100_14_explainability-induced_performance_degradation.png,0.0,0.0,0.0,0.0,0.0003700962250185048,0.0013013571295779885,0.0,True
WS0101,human-centric-ai,problem,15,consumer trust in virtual influencers,construction_v2/images/WS0101_15_consumer_trust_in_virtual_influencers.png,https://raw.githubusercontent.com/rebeccaz4/weak-signal-benchmark/main/construction_v2/images/WS0101_15_consumer_trust_in_virtual_influencers.png,0.0,0.0,0.0,0.0,0.0003700962250185048,0.0005577244841048522,0.0,True
WS0102,human-centric-ai,problem,16,critical thinking risks from over-reliance on generative AI,construction_v2/images/WS0102_16_critical_thinking_risks_from_over-reliance_on_generative_ai.png,https://raw.githubusercontent.com/rebeccaz4/weak-signal-benchmark/main/construction_v2/images/WS0102_16_critical_thinking_risks_from_over-reliance_on_generative_ai.png,0.0,0.0,0.0,0.0,0.0003700962250185048,0.0005577244841048522,0.0,True
WS0103,human-centric-ai,solution,1,technological dominance measurement in human-AI decision-making,construction_v2/images/WS0103_01_technological_dominance_measurement_in_human-ai_decision-making.png,https://raw.githubusercontent.com/rebeccaz4/weak-signal-benchmark/main/construction_v2/images/WS0103_01_technological_dominance_measurement_in_human-ai_decision-making.png,0.0,0.0,0.0,0.0,0.0003700962250185048,0.0005577244841048522,0.0,True
WS0104,human-centric-ai,solution,2,realistic benchmark environments for language-guided web agents,construction_v2/images/WS0104_02_realistic_benchmark_environments_for_language-guided_web_agents.png,https://raw.githubusercontent.com/rebeccaz4/weak-signal-benchmark/main/construction_v2/images/WS0104_02_realistic_benchmark_environments_for_language-guided_web_agents.png,0.0,0.0,0.0,0.0,0.0003700962250185048,0.0005577244841048522,0.0,True
WS0105,human-centric-ai,solution,3,Stylometric authorship attribution,construction_v2/images/WS0105_03_stylometric_authorship_attribution.png,https://raw.githubusercontent.com/rebeccaz4/weak-signal-benchmark/main/construction_v2/images/WS0105_03_stylometric_authorship_attribution.png,0.0,0.0,0.0,0.0,0.0003700962250185048,0.0007436326454731362,0.0,True
WS0106,human-centric-ai,solution,4,Human oversight of large language models,construction_v2/images/WS0106_04_human_oversight_of_large_language_models.png,https://raw.githubusercontent.com/rebeccaz4/weak-signal-benchmark/main/construction_v2/images/WS0106_04_human_oversight_of_large_language_models.png,0.0,0.0,0.0,0.0,0.0003700962250185048,0.004833612195575386,0.0,True
WS0107,human-centric-ai,solution,5,AI-generated persuasive messaging,construction_v2/images/WS0107_05_ai-generated_persuasive_messaging.png,https://raw.githubusercontent.com/rebeccaz4/weak-signal-benchmark/main/construction_v2/images/WS0107_05_ai-generated_persuasive_messaging.png,0.0,0.0,0.0,0.0,0.0003700962250185048,0.0005577244841048522,0.0,True
WS0108,human-centric-ai,solution,6,bias auditing for stigmatized groups in NLP models,construction_v2/images/WS0108_06_bias_auditing_for_stigmatized_groups_in_nlp_models.png,https://raw.githubusercontent.com/rebeccaz4/weak-signal-benchmark/main/construction_v2/images/WS0108_06_bias_auditing_for_stigmatized_groups_in_nlp_models.png,0.0,0.0,0.0,0.0,0.0003700962250185048,0.0005577244841048522,0.0,True
WS0109,machine-unlearning,problem,1,federated unlearning,construction_v2/images/WS0109_01_federated_unlearning.png,https://raw.githubusercontent.com/rebeccaz4/weak-signal-benchmark/main/construction_v2/images/WS0109_01_federated_unlearning.png,0.0,0.0,0.004484304932735426,0.011278195488721804,0.019390581717451522,0.033288948069241014,0.9422143805442931,True
WS0110,machine-unlearning,problem,2,graph unlearning,construction_v2/images/WS0110_02_graph_unlearning.png,https://raw.githubusercontent.com/rebeccaz4/weak-signal-benchmark/main/construction_v2/images/WS0110_02_graph_unlearning.png,0.0,0.0,0.004484304932735426,0.0037593984962406013,0.0110803324099723,0.041278295605858856,0.6096556944168826,True
WS0111,machine-unlearning,problem,3,privacy leakage in machine unlearning,construction_v2/images/WS0111_03_privacy_leakage_in_machine_unlearning.png,https://raw.githubusercontent.com/rebeccaz4/weak-signal-benchmark/main/construction_v2/images/WS0111_03_privacy_leakage_in_machine_unlearning.png,0.0,0.006993006993006993,0.0,0.007518796992481203,0.008310249307479225,0.05193075898801598,0.06733379443184434,True
WS0112,machine-unlearning,problem,4,training data protection from unauthorized model learning,construction_v2/images/WS0112_04_training_data_protection_from_unauthorized_model_learning.png,https://raw.githubusercontent.com/rebeccaz4/weak-signal-benchmark/main/construction_v2/images/WS0112_04_training_data_protection_from_unauthorized_model_learning.png,0.0,0.0,0.004484304932735426,0.0,0.00554016620498615,0.02663115845539281,0.008053049514693865,True
WS0113,machine-unlearning,problem,5,computationally efficient machine unlearning,construction_v2/images/WS0113_05_computationally_efficient_machine_unlearning.png,https://raw.githubusercontent.com/rebeccaz4/weak-signal-benchmark/main/construction_v2/images/WS0113_05_computationally_efficient_machine_unlearning.png,0.006896551724137931,0.0,0.0,0.0,0.0110803324099723,0.15579227696404793,1.6304440416248646e-09,True
WS0114,machine-unlearning,solution,1,influence-function-based unlearning,construction_v2/images/WS0114_01_influence-function-based_unlearning.png,https://raw.githubusercontent.com/rebeccaz4/weak-signal-benchmark/main/construction_v2/images/WS0114_01_influence-function-based_unlearning.png,0.0,0.0,0.004484304932735426,0.007518796992481203,0.0110803324099723,0.06258322237017311,1.0,True
WS0115,machine-unlearning,solution,2,federated unlearning,construction_v2/images/WS0115_02_federated_unlearning.png,https://raw.githubusercontent.com/rebeccaz4/weak-signal-benchmark/main/construction_v2/images/WS0115_02_federated_unlearning.png,0.0,0.006993006993006993,0.004484304932735426,0.011278195488721804,0.0221606648199446,0.03994673768308921,0.7237714581090258,True
WS0116,machine-unlearning,solution,3,approximate unlearning,construction_v2/images/WS0116_03_approximate_unlearning.png,https://raw.githubusercontent.com/rebeccaz4/weak-signal-benchmark/main/construction_v2/images/WS0116_03_approximate_unlearning.png,0.0,0.0,0.004484304932735426,0.0037593984962406013,0.008310249307479225,0.10652463382157124,0.2795262101140713,True
WS0117,machine-unlearning,solution,4,data-free machine unlearning,construction_v2/images/WS0117_04_data-free_machine_unlearning.png,https://raw.githubusercontent.com/rebeccaz4/weak-signal-benchmark/main/construction_v2/images/WS0117_04_data-free_machine_unlearning.png,0.0,0.0,0.0,0.007518796992481203,0.008310249307479225,0.06391478029294274,0.050180953290454994,True
WS0118,machine-unlearning,solution,5,privacy-preserving machine unlearning,construction_v2/images/WS0118_05_privacy-preserving_machine_unlearning.png,https://raw.githubusercontent.com/rebeccaz4/weak-signal-benchmark/main/construction_v2/images/WS0118_05_privacy-preserving_machine_unlearning.png,0.0,0.0,0.004484304932735426,0.0,0.0110803324099723,0.05059920106524634,0.009436973594370783,True
WS0119,masked-face-recognition,solution,1,transparent face masks,construction_v2/images/WS0119_01_transparent_face_masks.png,https://raw.githubusercontent.com/rebeccaz4/weak-signal-benchmark/main/construction_v2/images/WS0119_01_transparent_face_masks.png,0.0,0.0,0.0024937655860349127,0.004210526315789474,0.005194805194805195,0.023411371237458192,0.9999999998740707,True
WS0120,masked-face-recognition,solution,2,self-supervised facial representation learning,construction_v2/images/WS0120_02_self-supervised_facial_representation_learning.png,https://raw.githubusercontent.com/rebeccaz4/weak-signal-benchmark/main/construction_v2/images/WS0120_02_self-supervised_facial_representation_learning.png,0.0,0.0,0.0,0.002105263157894737,0.0025974025974025974,0.006688963210702341,0.15191902863535883,True
WS0121,masked-face-recognition,solution,3,event-related potential analysis of masked face perception,construction_v2/images/WS0121_03_event-related_potential_analysis_of_masked_face_perception.png,https://raw.githubusercontent.com/rebeccaz4/weak-signal-benchmark/main/construction_v2/images/WS0121_03_event-related_potential_analysis_of_masked_face_perception.png,0.0,0.0,0.0,0.0,0.0025974025974025974,0.013377926421404682,0.0,True
WS0122,masked-language-model,problem,2,masked language model likelihood estimation,construction_v2/images/WS0122_02_masked_language_model_likelihood_estimation.png,https://raw.githubusercontent.com/rebeccaz4/weak-signal-benchmark/main/construction_v2/images/WS0122_02_masked_language_model_likelihood_estimation.png,0.0,0.0,0.0,0.0,0.001310615989515072,0.0031678986272439284,0.0,True
WS0123,masked-language-model,solution,2,pseudo-log-likelihood scoring,construction_v2/images/WS0123_02_pseudo-log-likelihood_scoring.png,https://raw.githubusercontent.com/rebeccaz4/weak-signal-benchmark/main/construction_v2/images/WS0123_02_pseudo-log-likelihood_scoring.png,0.0,0.0,0.0,0.001564945226917058,0.001310615989515072,0.0031678986272439284,0.0,True
WS0124,masked-language-model,solution,5,masked generative transformers,construction_v2/images/WS0124_05_masked_generative_transformers.png,https://raw.githubusercontent.com/rebeccaz4/weak-signal-benchmark/main/construction_v2/images/WS0124_05_masked_generative_transformers.png,0.0,0.0,0.0,0.0,0.002621231979030144,0.004223864836325237,0.0,True
WS0125,masked-language-model,solution,6,joint distribution modeling for masked language models,construction_v2/images/WS0125_06_joint_distribution_modeling_for_masked_language_models.png,https://raw.githubusercontent.com/rebeccaz4/weak-signal-benchmark/main/construction_v2/images/WS0125_06_joint_distribution_modeling_for_masked_language_models.png,0.0,0.0,0.0,0.0,0.001310615989515072,0.0031678986272439284,0.0,True
WS0126,multimodal-ai,problem,1,tool use in multimodal assistants,construction_v2/images/WS0126_01_tool_use_in_multimodal_assistants.png,https://raw.githubusercontent.com/rebeccaz4/weak-signal-benchmark/main/construction_v2/images/WS0126_01_tool_use_in_multimodal_assistants.png,0.0,0.0,0.0,0.0,0.0009551098376313276,0.002066115702479339,0.0,True
WS0127,multimodal-ai,problem,2,domain-specific multimodal reasoning,construction_v2/images/WS0127_02_domain-specific_multimodal_reasoning.png,https://raw.githubusercontent.com/rebeccaz4/weak-signal-benchmark/main/construction_v2/images/WS0127_02_domain-specific_multimodal_reasoning.png,0.0,0.0,0.0,0.0,0.0009551098376313276,0.00878099173553719,0.0,True
WS0128,multimodal-ai,problem,3,domain generalizability in multimodal large language models,construction_v2/images/WS0128_03_domain_generalizability_in_multimodal_large_language_models.png,https://raw.githubusercontent.com/rebeccaz4/weak-signal-benchmark/main/construction_v2/images/WS0128_03_domain_generalizability_in_multimodal_large_language_models.png,0.0,0.0,0.0,0.0,0.0009551098376313276,0.0015495867768595042,0.0,True
WS0129,multimodal-ai,problem,4,biomedical vision-language understanding,construction_v2/images/WS0129_04_biomedical_vision-language_understanding.png,https://raw.githubusercontent.com/rebeccaz4/weak-signal-benchmark/main/construction_v2/images/WS0129_04_biomedical_vision-language_understanding.png,0.0,0.0,0.0,0.0,0.0009551098376313276,0.005165289256198347,0.0,True
WS0130,multimodal-ai,solution,1,multimodal prompting,construction_v2/images/WS0130_01_multimodal_prompting.png,https://raw.githubusercontent.com/rebeccaz4/weak-signal-benchmark/main/construction_v2/images/WS0130_01_multimodal_prompting.png,0.0,0.0,0.0,0.0,0.0019102196752626551,0.005681818181818182,0.0,True
WS0131,multimodal-ai,solution,2,multimodal mathematical reasoning benchmarks,construction_v2/images/WS0131_02_multimodal_mathematical_reasoning_benchmarks.png,https://raw.githubusercontent.com/rebeccaz4/weak-signal-benchmark/main/construction_v2/images/WS0131_02_multimodal_mathematical_reasoning_benchmarks.png,0.0,0.0,0.0,0.0,0.0009551098376313276,0.005681818181818182,0.0,True
WS0132,multimodal-ai,solution,3,vision-language instruction tuning,construction_v2/images/WS0132_03_vision-language_instruction_tuning.png,https://raw.githubusercontent.com/rebeccaz4/weak-signal-benchmark/main/construction_v2/images/WS0132_03_vision-language_instruction_tuning.png,0.0,0.0,0.0,0.0,0.0009551098376313276,0.005165289256198347,0.0,True
WS0133,multimodal-ai,solution,4,open-ended multimodal reasoning benchmarks,construction_v2/images/WS0133_04_open-ended_multimodal_reasoning_benchmarks.png,https://raw.githubusercontent.com/rebeccaz4/weak-signal-benchmark/main/construction_v2/images/WS0133_04_open-ended_multimodal_reasoning_benchmarks.png,0.0,0.0,0.0,0.0,0.0019102196752626551,0.00878099173553719,0.0,True
WS0134,multimodal-ai,solution,5,visual referring prompting,construction_v2/images/WS0134_05_visual_referring_prompting.png,https://raw.githubusercontent.com/rebeccaz4/weak-signal-benchmark/main/construction_v2/images/WS0134_05_visual_referring_prompting.png,0.0,0.0,0.0,0.0,0.0009551098376313276,0.005681818181818182,0.0,True
WS0135,multimodal-ai,solution,6,grounded multimodal large language models,construction_v2/images/WS0135_06_grounded_multimodal_large_language_models.png,https://raw.githubusercontent.com/rebeccaz4/weak-signal-benchmark/main/construction_v2/images/WS0135_06_grounded_multimodal_large_language_models.png,0.0,0.0,0.0,0.0,0.0009551098376313276,0.005165289256198347,0.0,True
WS0136,multimodal-ai,solution,7,generalist biomedical multimodal models,construction_v2/images/WS0136_07_generalist_biomedical_multimodal_models.png,https://raw.githubusercontent.com/rebeccaz4/weak-signal-benchmark/main/construction_v2/images/WS0136_07_generalist_biomedical_multimodal_models.png,0.0,0.0,0.0,0.0,0.0009551098376313276,0.002066115702479339,0.0,True
WS0137,multimodal-ai,solution,8,language model orchestration of vision experts,construction_v2/images/WS0137_08_language_model_orchestration_of_vision_experts.png,https://raw.githubusercontent.com/rebeccaz4/weak-signal-benchmark/main/construction_v2/images/WS0137_08_language_model_orchestration_of_vision_experts.png,0.0,0.0,0.0,0.0,0.0009551098376313276,0.0030991735537190084,0.0,True
WS0138,multimodal-hate-speech-detection,problem,1,cross-modal reasoning in hateful meme detection,construction_v2/images/WS0138_01_cross-modal_reasoning_in_hateful_meme_detection.png,https://raw.githubusercontent.com/rebeccaz4/weak-signal-benchmark/main/construction_v2/images/WS0138_01_cross-modal_reasoning_in_hateful_meme_detection.png,0.0,0.0,0.0,0.0,0.045454545454545456,0.10714285714285714,0.0,True
WS0139,multimodal-hate-speech-detection,solution,1,prompt-based caption generation with frozen vision-language models,construction_v2/images/WS0139_01_prompt-based_caption_generation_with_frozen_vision-language_models.png,https://raw.githubusercontent.com/rebeccaz4/weak-signal-benchmark/main/construction_v2/images/WS0139_01_prompt-based_caption_generation_with_frozen_vision-language_models.png,0.0,0.0,0.0,0.0,0.045454545454545456,0.10714285714285714,0.0,True
WS0140,privacy-preserving-machine-learning,solution,1,fairness-aware differentially private learning,construction_v2/images/WS0140_01_fairness-aware_differentially_private_learning.png,https://raw.githubusercontent.com/rebeccaz4/weak-signal-benchmark/main/construction_v2/images/WS0140_01_fairness-aware_differentially_private_learning.png,0.0,0.0,0.0,0.0,0.0009775171065493646,0.002745367192862045,0.0,True
WS0141,scientific-machine-learning,problem,1,statistical validity for machine-learning-derived predictions,construction_v2/images/WS0141_01_statistical_validity_for_machine-learning-derived_predictions.png,https://raw.githubusercontent.com/rebeccaz4/weak-signal-benchmark/main/construction_v2/images/WS0141_01_statistical_validity_for_machine-learning-derived_predictions.png,0.0,0.0,0.0,0.0,0.00032981530343007914,0.0005433601391001956,0.0,True
WS0142,scientific-machine-learning,solution,1,machine-learning-assisted statistical inference,construction_v2/images/WS0142_01_machine-learning-assisted_statistical_inference.png,https://raw.githubusercontent.com/rebeccaz4/weak-signal-benchmark/main/construction_v2/images/WS0142_01_machine-learning-assisted_statistical_inference.png,0.0,0.0,0.0,0.0,0.00032981530343007914,0.0005433601391001956,0.0,True
WS0143,scientific-machine-learning,solution,2,behavioral simulation with large language models,construction_v2/images/WS0143_02_behavioral_simulation_with_large_language_models.png,https://raw.githubusercontent.com/rebeccaz4/weak-signal-benchmark/main/construction_v2/images/WS0143_02_behavioral_simulation_with_large_language_models.png,0.0,0.0,0.0,0.0,0.00032981530343007914,0.0005433601391001956,0.0,True
WS0144,self-supervised-learning-cnn,problem,1,spatial noise correlation in self-supervised denoising,construction_v2/images/WS0144_01_spatial_noise_correlation_in_self-supervised_denoising.png,https://raw.githubusercontent.com/rebeccaz4/weak-signal-benchmark/main/construction_v2/images/WS0144_01_spatial_noise_correlation_in_self-supervised_denoising.png,0.0,0.0,0.0,0.0,0.002150537634408602,0.004024144869215292,0.0,True
WS0145,self-supervised-learning-cnn,solution,1,vision transformers,construction_v2/images/WS0145_01_vision_transformers.png,https://raw.githubusercontent.com/rebeccaz4/weak-signal-benchmark/main/construction_v2/images/WS0145_01_vision_transformers.png,0.0,0.0,0.0,0.002577319587628866,0.0,0.004024144869215292,0.0,True
WS0146,tiny-machine-learning,problem,1,TinyML deployment challenges,construction_v2/images/WS0146_01_tinyml_deployment_challenges.png,https://raw.githubusercontent.com/rebeccaz4/weak-signal-benchmark/main/construction_v2/images/WS0146_01_tinyml_deployment_challenges.png,0.0,0.0,0.0,0.002688172043010753,0.004246284501061571,0.010510510510510511,0.26736690223469217,True
WS0147,tiny-machine-learning,problem,2,processing capacity optimization in TinyML,construction_v2/images/WS0147_02_processing_capacity_optimization_in_tinyml.png,https://raw.githubusercontent.com/rebeccaz4/weak-signal-benchmark/main/construction_v2/images/WS0147_02_processing_capacity_optimization_in_tinyml.png,0.0,0.0,0.0,0.0,0.0021231422505307855,0.006006006006006006,0.0,True
WS0148,tiny-machine-learning,problem,3,on-device resource efficiency,construction_v2/images/WS0148_03_on-device_resource_efficiency.png,https://raw.githubusercontent.com/rebeccaz4/weak-signal-benchmark/main/construction_v2/images/WS0148_03_on-device_resource_efficiency.png,0.0,0.0,0.0,0.0,0.0021231422505307855,0.0045045045045045045,0.0,True
WS0149,tiny-machine-learning,problem,4,cloud offloading limitations in wearable sensing,construction_v2/images/WS0149_04_cloud_offloading_limitations_in_wearable_sensing.png,https://raw.githubusercontent.com/rebeccaz4/weak-signal-benchmark/main/construction_v2/images/WS0149_04_cloud_offloading_limitations_in_wearable_sensing.png,0.0,0.0,0.0,0.0,0.0021231422505307855,0.0075075075075075074,0.0,True
WS0150,tiny-machine-learning,problem,5,incremental on-device learning for TinyML,construction_v2/images/WS0150_05_incremental_on-device_learning_for_tinyml.png,https://raw.githubusercontent.com/rebeccaz4/weak-signal-benchmark/main/construction_v2/images/WS0150_05_incremental_on-device_learning_for_tinyml.png,0.0,0.0,0.0,0.0,0.0021231422505307855,0.006006006006006006,0.0,True
WS0151,tiny-machine-learning,problem,6,embedded structural health monitoring,construction_v2/images/WS0151_06_embedded_structural_health_monitoring.png,https://raw.githubusercontent.com/rebeccaz4/weak-signal-benchmark/main/construction_v2/images/WS0151_06_embedded_structural_health_monitoring.png,0.0,0.0,0.0,0.0,0.0021231422505307855,0.0045045045045045045,0.0,True
WS0152,tiny-machine-learning,solution,1,microcontroller neural network accelerators,construction_v2/images/WS0152_01_microcontroller_neural_network_accelerators.png,https://raw.githubusercontent.com/rebeccaz4/weak-signal-benchmark/main/construction_v2/images/WS0152_01_microcontroller_neural_network_accelerators.png,0.0,0.0,0.0,0.002688172043010753,0.0021231422505307855,0.0045045045045045045,0.0,True
WS0153,tiny-machine-learning,solution,2,reduced-precision neural network training,construction_v2/images/WS0153_02_reduced-precision_neural_network_training.png,https://raw.githubusercontent.com/rebeccaz4/weak-signal-benchmark/main/construction_v2/images/WS0153_02_reduced-precision_neural_network_training.png,0.0,0.0,0.0,0.0,0.0021231422505307855,0.006006006006006006,0.0,True
WS0154,tiny-machine-learning,solution,3,automatic code generation for on-device TinyML models,construction_v2/images/WS0154_03_automatic_code_generation_for_on-device_tinyml_models.png,https://raw.githubusercontent.com/rebeccaz4/weak-signal-benchmark/main/construction_v2/images/WS0154_03_automatic_code_generation_for_on-device_tinyml_models.png,0.0,0.0,0.0,0.0,0.0021231422505307855,0.006006006006006006,0.0,True
WS0155,tiny-machine-learning,solution,4,TinyML toolchains,construction_v2/images/WS0155_04_tinyml_toolchains.png,https://raw.githubusercontent.com/rebeccaz4/weak-signal-benchmark/main/construction_v2/images/WS0155_04_tinyml_toolchains.png,0.0,0.0,0.0,0.0,0.0021231422505307855,0.006006006006006006,0.0,True
WS0156,tiny-machine-learning,solution,5,TinyMLOps,construction_v2/images/WS0156_05_tinymlops.png,https://raw.githubusercontent.com/rebeccaz4/weak-signal-benchmark/main/construction_v2/images/WS0156_05_tinymlops.png,0.0,0.0,0.0,0.0,0.004246284501061571,0.0075075075075075074,0.0,True
WS0157,tiny-machine-learning,solution,6,edge intelligence,construction_v2/images/WS0157_06_edge_intelligence.png,https://raw.githubusercontent.com/rebeccaz4/weak-signal-benchmark/main/construction_v2/images/WS0157_06_edge_intelligence.png,0.0,0.0,0.0,0.002688172043010753,0.0021231422505307855,0.018018018018018018,0.0,True
WS0158,tiny-machine-learning,solution,7,embedded predictive maintenance,construction_v2/images/WS0158_07_embedded_predictive_maintenance.png,https://raw.githubusercontent.com/rebeccaz4/weak-signal-benchmark/main/construction_v2/images/WS0158_07_embedded_predictive_maintenance.png,0.0,0.0,0.0,0.0,0.0021231422505307855,0.0045045045045045045,0.0,True
WS0159,trustworthy-ai,problem,1,AI overreliance,construction_v2/images/WS0159_01_ai_overreliance.png,https://raw.githubusercontent.com/rebeccaz4/weak-signal-benchmark/main/construction_v2/images/WS0159_01_ai_overreliance.png,0.0,0.0,0.0009950248756218905,0.0,0.0012658227848101266,0.00296794618124258,0.011486307549416215,True
WS0160,trustworthy-ai,problem,2,prompt jailbreak vulnerability in large language models,construction_v2/images/WS0160_02_prompt_jailbreak_vulnerability_in_large_language_models.png,https://raw.githubusercontent.com/rebeccaz4/weak-signal-benchmark/main/construction_v2/images/WS0160_02_prompt_jailbreak_vulnerability_in_large_language_models.png,0.0,0.0,0.0,0.0,0.0006329113924050633,0.002374356944994064,0.0,True
WS0161,trustworthy-ai,problem,3,Generative AI misuse and deception,construction_v2/images/WS0161_03_generative_ai_misuse_and_deception.png,https://raw.githubusercontent.com/rebeccaz4/weak-signal-benchmark/main/construction_v2/images/WS0161_03_generative_ai_misuse_and_deception.png,0.0,0.0,0.0,0.0,0.0006329113924050633,0.0009893153937475267,0.0,True
WS0162,trustworthy-ai,problem,4,generative AI regulation,construction_v2/images/WS0162_04_generative_ai_regulation.png,https://raw.githubusercontent.com/rebeccaz4/weak-signal-benchmark/main/construction_v2/images/WS0162_04_generative_ai_regulation.png,0.0,0.0,0.0,0.0,0.0006329113924050633,0.0009893153937475267,0.0,True
WS0163,trustworthy-ai,problem,5,clinical deployment of trustworthy AI systems,construction_v2/images/WS0163_05_clinical_deployment_of_trustworthy_ai_systems.png,https://raw.githubusercontent.com/rebeccaz4/weak-signal-benchmark/main/construction_v2/images/WS0163_05_clinical_deployment_of_trustworthy_ai_systems.png,0.0,0.0,0.0,0.0,0.0006329113924050633,0.0009893153937475267,0.0,True
WS0164,trustworthy-ai,solution,1,large language model trustworthiness benchmarking,construction_v2/images/WS0164_01_large_language_model_trustworthiness_benchmarking.png,https://raw.githubusercontent.com/rebeccaz4/weak-signal-benchmark/main/construction_v2/images/WS0164_01_large_language_model_trustworthiness_benchmarking.png,0.0,0.0,0.0,0.0,0.0006329113924050633,0.002374356944994064,0.0,True
WS0165,trustworthy-ai,solution,2,trustworthy AI lifecycle governance,construction_v2/images/WS0165_02_trustworthy_ai_lifecycle_governance.png,https://raw.githubusercontent.com/rebeccaz4/weak-signal-benchmark/main/construction_v2/images/WS0165_02_trustworthy_ai_lifecycle_governance.png,0.0,0.0,0.0,0.0,0.0006329113924050633,0.0009893153937475267,0.0,True
WS0166,trustworthy-ai,solution,3,risk-based governance of large generative AI models,construction_v2/images/WS0166_03_risk-based_governance_of_large_generative_ai_models.png,https://raw.githubusercontent.com/rebeccaz4/weak-signal-benchmark/main/construction_v2/images/WS0166_03_risk-based_governance_of_large_generative_ai_models.png,0.0,0.0,0.0,0.0,0.0006329113924050633,0.0009893153937475267,0.0,True
WS0167,trustworthy-ai,solution,4,Function-based accounts of AI trustworthiness,construction_v2/images/WS0167_04_function-based_accounts_of_ai_trustworthiness.png,https://raw.githubusercontent.com/rebeccaz4/weak-signal-benchmark/main/construction_v2/images/WS0167_04_function-based_accounts_of_ai_trustworthiness.png,0.0,0.0,0.0,0.0,0.0006329113924050633,0.0021764938662445586,0.0,True
WS0168,vertical-federated-learning,problem,1,straggler problem in vertical federated learning,construction_v2/images/WS0168_01_straggler_problem_in_vertical_federated_learning.png,https://raw.githubusercontent.com/rebeccaz4/weak-signal-benchmark/main/construction_v2/images/WS0168_01_straggler_problem_in_vertical_federated_learning.png,0.0,0.0,0.0,0.00641025641025641,0.013605442176870748,0.024896265560165973,1.0,True
WS0169,vertical-federated-learning,problem,2,unaligned data in vertical federated learning,construction_v2/images/WS0169_02_unaligned_data_in_vertical_federated_learning.png,https://raw.githubusercontent.com/rebeccaz4/weak-signal-benchmark/main/construction_v2/images/WS0169_02_unaligned_data_in_vertical_federated_learning.png,0.0,0.0,0.0,0.00641025641025641,0.006802721088435374,0.012448132780082987,0.07896059238419191,True
WS0170,vertical-federated-learning,problem,3,active-party label leakage in vertical federated learning,construction_v2/images/WS0170_03_active-party_label_leakage_in_vertical_federated_learning.png,https://raw.githubusercontent.com/rebeccaz4/weak-signal-benchmark/main/construction_v2/images/WS0170_03_active-party_label_leakage_in_vertical_federated_learning.png,0.0,0.0,0.0,0.0,0.006802721088435374,0.012448132780082987,0.0,True
WS0171,vertical-federated-learning,problem,4,passive party dropout in vertical federated learning,construction_v2/images/WS0171_04_passive_party_dropout_in_vertical_federated_learning.png,https://raw.githubusercontent.com/rebeccaz4/weak-signal-benchmark/main/construction_v2/images/WS0171_04_passive_party_dropout_in_vertical_federated_learning.png,0.0,0.0,0.0,0.0,0.006802721088435374,0.012448132780082987,0.0,True
WS0172,vertical-federated-learning,problem,5,shared-sample dependency in vertical federated learning,construction_v2/images/WS0172_05_shared-sample_dependency_in_vertical_federated_learning.png,https://raw.githubusercontent.com/rebeccaz4/weak-signal-benchmark/main/construction_v2/images/WS0172_05_shared-sample_dependency_in_vertical_federated_learning.png,0.0,0.0,0.0,0.0,0.006802721088435374,0.012448132780082987,0.0,True
WS0173,vertical-federated-learning,solution,1,privacy-preserving federated learning,construction_v2/images/WS0173_01_privacy-preserving_federated_learning.png,https://raw.githubusercontent.com/rebeccaz4/weak-signal-benchmark/main/construction_v2/images/WS0173_01_privacy-preserving_federated_learning.png,0.0,0.05454545454545454,0.043478260869565216,0.09615384615384616,0.10204081632653061,0.15352697095435686,0.83587828032993,True
WS0174,vertical-federated-learning,solution,2,mutual information estimation in vertical federated learning,construction_v2/images/WS0174_02_mutual_information_estimation_in_vertical_federated_learning.png,https://raw.githubusercontent.com/rebeccaz4/weak-signal-benchmark/main/construction_v2/images/WS0174_02_mutual_information_estimation_in_vertical_federated_learning.png,0.0,0.0,0.0,0.00641025641025641,0.006802721088435374,0.02074688796680498,0.07896059238419191,True
